call_sign,dma,network_affiliate,fcc_callsign,fcc_dma,
KPTHDT,SIOUX CITY,FOX,KPTH,SIOUX CITY,
APLHD,LOS ANGELES,,,,
WMBFDT,MYRTLE BEACH-FLORENCE,N/A,WMBF-TV,MYRTLE BEACH-FLORENCE,
WWTVDT2,TRAVERSE CITY-CADILLAC,CBS,WWTV,TRAVERSE CITY-CADILLAC,
WRCBDT,CHATTANOOGA,NBC,WRCB,CHATTANOOGA,
WJCLDT,SAVANNAH,ABC,WJCL,SAVANNAH,
WCNCDT,CHARLOTTE,NBC,WCNC-TV,CHARLOTTE,
HBO2HD,LOS ANGELES,,,,
KGPEDT,FRESNO-VISALIA,CBS,KGPE,FRESNO-VISALIA,
WRGTDT,DAYTON,FOX,WRGT-TV,DAYTON,
WSILDT,PADUCAH-CAPE GIRARD-HARSBG,ABC,WSIL-TV,PADUCAH-CAPE GIRARD-HARSBG,
KWWLDT2,CEDAR RAPIDS-WTRLO-IWC&DUB,NBC,KWWL,CEDAR RAPIDS-WTRLO-IWC&DUB,
WOLODT,COLUMBIA SC,ABC,WOLO-TV,COLUMBIA SC,
WPNTDT,PITTSBURGH,MYTV,WPNT,PITTSBURGH,
WSAZDT,CHARLESTON-HUNTINGTON,NBC,WSAZ-TV,CHARLESTON-HUNTINGTON,
TMCHD,LOS ANGELES,,,,
WISCDT,MADISON,CBS,WISC-TV,MADISON,
KTTVDT,LOS ANGELES,FOX,KTTV,LOS ANGELES,
KRONDT,SAN FRANCISCO-OAK-SAN JOSE,MNT,KRON-TV,SAN FRANCISCO-OAK-SAN JOSE,
WYESDT,NEW ORLEANS,PBS,WYES-TV,NEW ORLEANS,
KFORDT,OKLAHOMA CITY,NBC,KFOR-TV,OKLAHOMA CITY,
WSTRDT,CINCINNATI,MYTV,WSTR-TV,CINCINNATI,
WTVTDT,TAMPA-ST. PETE (SARASOTA),FOX,WTVT,TAMPA-ST. PETE (SARASOTA),
EHD,LOS ANGELES,,,,
WHECDT,ROCHESTER NY,NBC,WHEC-TV,ROCHESTER NY,
ESQHD,PHILADELPHIA,,,,
WCIADT,CHAMPAIGN&SPRNGFLD-DECATUR,CBS,WCIA,CHAMPAIGN&SPRNGFLD-DECATUR,
WBUIDT,CHAMPAIGN&SPRNGFLD-DECATUR,CW,WBUI,CHAMPAIGN&SPRNGFLD-DECATUR,
WVTMDT,BIRMINGHAM (ANN AND TUSC),NBC,WVTM-TV,BIRMINGHAM (ANN TUSC),
KOCODT,OKLAHOMA CITY,ABC,KOCO-TV,OKLAHOMA CITY,
WATMDT,JOHNSTOWN-ALTOONA-ST COLGE,ABC,WATM-TV,JOHNSTOWN-ALTOONA-ST COLGE,
WTOVDT2,WHEELING-STEUBENVILLE,NBC,WTOV-TV,WHEELING-STEUBENVILLE,
SPMNHD,HOUSTON,,,,
KSCWDT,WICHITA-HUTCHINSON PLUS,CW,KSCW-DT,WICHITA-HUTCHINSON PLUS,
STZENHD,NEW YORK,,,,
KTHVDT,LITTLE ROCK-PINE BLUFF,CBS,KTHV,LITTLE ROCK-PINE BLUFF,
WISNTV,MILWAUKEE,ABC,WISN-TV,MILWAUKEE,
WKRNDT,NASHVILLE,ABC,WKRN-TV,NASHVILLE,
NFLHD,LOS ANGELES,,,,
WJZDT,BALTIMORE,CBS,WJZ-TV,BALTIMORE,
KSHBDT,KANSAS CITY,NBC,KSHB-TV,KANSAS CITY,
KCBSDT,LOS ANGELES,CBS,KCBS-TV,LOS ANGELES,
KNDODT,YAKIMA-PASCO-RCHLND-KNNWCK,NBC,KNDO,YAKIMA-PASCO-RCHLND-KNNWCK,
ESPN2HD,NEW YORK,,,,
KBSIDT,PADUCAH-CAPE GIRARD-HARSBG,FOX,KBSI,PADUCAH-CAPE GIRARD-HARSBG,
WSMVDT,NASHVILLE,NBC,WSMV-TV,NASHVILLE,
KGWDT,PORTLAND OR,CBS,KGWL-TV,CASPER-RIVERTON,
WBAYDT,GREEN BAY-APPLETON,ABC,WBAY-TV,GREEN BAY-APPLETON,
WPCWDT,PITTSBURGH,THE CW NETWORK,WPCW,PITTSBURGH,
TBSHD,NEW YORK,,,,
KWTVDT,OKLAHOMA CITY,CBS,KWTV-DT,OKLAHOMA CITY,
KFOXDT,EL PASO (LAS CRUCES),FOX,KFOX-TV,EL PASO (LAS CRUCES),
DXDHD,LOS ANGELES,,,,
QVCHD,NEW YORK,,,,
KETVDT,OMAHA,ABC,KETV,OMAHA,
WCHSDT,CHARLESTON-HUNTINGTON,ABC,WCHS-TV,CHARLESTON-HUNTINGTON,
KFVSDT,PADUCAH-CAPE GIRARD-HARSBG,CBS,KFVS-TV,PADUCAH-CAPE GIRARD-HARSBG,
KVVUDT,LAS VEGAS,FOX,KVVU-TV,LAS VEGAS,
STZEHD,NEW YORK,,,,
KMTRDT,EUGENE,NBC,KMTR,EUGENE,
KTBCDT,AUSTIN,FOX,KTBC,AUSTIN,
WVITDT,HARTFORD & NEW HAVEN,NBC,WVIT,HARTFORD & NEW HAVEN,
KNINDT,BOISE,FOX,KNIN-TV,BOISE,
WDKADT,PADUCAH-CAPE GIRARD-HARSBG,MYTV,WDKA,PADUCAH-CAPE GIRARD-HARSBG,
WNYTDT,ALBANY-SCHENECTADY-TROY,NBC,WNYT,ALBANY-SCHENECTADY-TROY,
KCPQDT,SEATTLE-TACOMA,FOX,KCPQ,SEATTLE-TACOMA,
KFXVLD,HARLINGEN-WSLCO-BRNSVL-MCA,-,KFXV-LD,-,
WCDCDT,ALBANY-SCHENECTADY-TROY,ABC,WCDC-TV,ALBANY-SCHENECTADY-TROY,
AETVHD,LOS ANGELES,,,,
DISNHD,LOS ANGELES,,,,
WXIXDT,CINCINNATI,FOX,WXIX-TV,CINCINNATI,
WCBDDT,CHARLESTON SC,NBC,WCBD-TV,CHARLESTON SC,
KSNBDT,LINCOLN & HASTINGS-KRNY,FOX,KSNB-TV,LINCOLN & HASTINGS-KRNY,
VICEHD,LOS ANGELES,,,,
UHD,NEW YORK,,,,
WTXLDT,TALLAHASSEE-THOMASVILLE,ABC,WTXL-TV,TALLAHASSEE-THOMASVILLE,
KABBDT,SAN ANTONIO,FOX,KABB,SAN ANTONIO,
WYZZDT,PEORIA-BLOOMINGTON,FOX,WYZZ-TV,PEORIA-BLOOMINGTON,
NFLNRZD,LOS ANGELES,,,,
WHIODT,DAYTON,CBS,WHIO-TV,DAYTON,
WPGHDT,PITTSBURGH,FOX,WPGH-TV,PITTSBURGH,
KOCBDT,OKLAHOMA CITY,CW,KOCB,OKLAHOMA CITY,
WJARDT,PROVIDENCE-NEW BEDFORD,NBC,WJAR,PROVIDENCE-NEW BEDFORD,
WBBMDT,CHICAGO,CBS,WBBM-TV,CHICAGO,
KFFXDT,YAKIMA-PASCO-RCHLND-KNNWCK,FOX,KFFX-TV,YAKIMA-PASCO-RCHLND-KNNWCK,
KFDMDT,BEAUMONT-PORT ARTHUR,CBS,KFDM,BEAUMONT-PORT ARTHUR,
WTWCDT,TALLAHASSEE-THOMASVILLE,NBC,WTWC-TV,TALLAHASSEE-THOMASVILLE,
KIIIDT,CORPUS CHRISTI,ABC,KIII,CORPUS CHRISTI,
KSEEDT,FRESNO-VISALIA,NBC,KSEE,FRESNO-VISALIA,
FS2HD,LOS ANGELES,,,,
HSTRYHD,LOS ANGELES,,,,
CNNHD,LOS ANGELES,,,,
WMBDDT,PEORIA-BLOOMINGTON,CBS,WMBD-TV,PEORIA-BLOOMINGTON,
MAXHD,LOS ANGELES,,,,
WTSPDT,TAMPA-ST. PETE (SARASOTA),CBS,WTSP,TAMPA-ST. PETE (SARASOTA),
WLKYDT,LOUISVILLE,CBS,WLKY,LOUISVILLE,
VH1HD,NEW YORK,,,,
WISDT,COLUMBIA SC,CBS,WISH-TV,INDIANAPOLIS,
KIVIDT,BOISE,ABC,KIVI-TV,BOISE,
WMAZDT,MACON,CBS,WMAZ-TV,MACON,
WTVXDT2,WEST PALM BEACH-FT. PIERCE,CW,WTVX,WEST PALM BEACH-FT. PIERCE,
WFXTDT,BOSTON (MANCHESTER),FOX,WFXT,BOSTON (MANCHESTER),
MLBHD,LOS ANGELES,,,,
WLTXDT,COLUMBIA SC,CBS,WLTX,COLUMBIA SC,
WYCWDT,GREENVLL-SPART-ASHEVLL-AND,CW,WYCW,GREENVLL-SPART-ASHEVLL-AND,
WWMTDT,GRAND RAPIDS-KALMZOO-B.CRK,CBS,WWMT,GRAND RAPIDS-KALMZOO-B.CRK,
KVEODT,HARLINGEN-WSLCO-BRNSVL-MCA,NBC,KVEO-TV,HARLINGEN-WSLCO-BRNSVL-MCA,
WOFLDT,ORLANDO-DAYTONA BCH-MELBRN,FOX,WOFL,ORLANDO-DAYTONA BCH-MELBRN,
WTVRDT,RICHMOND-PETERSBURG,CBS,WTVR-TV,RICHMOND-PETERSBURG,
WMAQDT,CHICAGO,NBC,WMAQ-TV,CHICAGO,
KDRVDT,MEDFORD-KLAMATH FALLS,ABC,KDRV,MEDFORD-KLAMATH FALLS,
WPTVDT,WEST PALM BEACH-FT. PIERCE,NBC,WPTV-TV,WEST PALM BEACH-FT. PIERCE,
NBCSNHD,LOS ANGELES,,,,
WFXBDT,MYRTLE BEACH-FLORENCE,FOX,WFXB,MYRTLE BEACH-FLORENCE,
VEL,LOS ANGELES,,,,
WOAIDT,SAN ANTONIO,NBC,WOAI-TV,SAN ANTONIO,
WFRVDT,GREEN BAY-APPLETON,CBS,WFRV-TV,GREEN BAY-APPLETON,
KMSPDT,MINNEAPOLIS-ST. PAUL,FOX,KMSP-TV,MINNEAPOLIS-ST. PAUL,
KSTUDT,SALT LAKE CITY,FOX,KSTU,SALT LAKE CITY,
WUSADT,WASHINGTON DC (HAGRSTWN),CBS,WUSA,WASHINGTON DC (HAGRSTWN),
KASNDT,LITTLE ROCK-PINE BLUFF,CW,KASN,LITTLE ROCK-PINE BLUFF,
KPLRDT,ST. LOUIS,CW,KPLR-TV,ST. LOUIS,
SMTHHD,LOS ANGELES,,,,
WGCLDT,ATLANTA,CBS,WGCL-TV,ATLANTA,
WGEMDT,QUINCY-HANNIBAL-KEOKUK,NBC,WGEM-TV,QUINCY-HANNIBAL-KEOKUK,
STOHD,CLEVELAND-AKRON (CANTON),,,,
SHOWXHD,NEW YORK,,,,
WTRFDT,WHEELING-STEUBENVILLE,CBS,WTRF-TV,WHEELING-STEUBENVILLE,
WJLADT,WASHINGTON DC (HAGRSTWN),ABC,WJLA-TV,WASHINGTON DC (HAGRSTWN),
WEARDT,MOBILE-PENSACOLA (FT WALT),ABC,WEAR-TV,MOBILE-PENSACOLA (FT WALT),
WGBADT,GREEN BAY-APPLETON,NBC,WGBA-TV,GREEN BAY-APPLETON,
KVALDT,EUGENE,CBS,KVAL-TV,EUGENE,
KSTPDT,MINNEAPOLIS-ST. PAUL,ABC,KSTP-TV,MINNEAPOLIS-ST. PAUL,
KENSDT,SAN ANTONIO,CBS,KENS,SAN ANTONIO,
MOVIEHD,LOS ANGELES,,,,
WDCWDT,WASHINGTON DC (HAGRSTWN),CW,WDCW,WASHINGTON DC (HAGRSTWN),
KVCWDT,LAS VEGAS,CW,KVCW,LAS VEGAS,
WPRIDT,PROVIDENCE-NEW BEDFORD,CBS,WPRI-TV,PROVIDENCE-NEW BEDFORD,
KRXIDT,RENO,FOX,KRXI-TV,RENO,
NASAHD,ORLANDO-DAYTONA BCH-MELBRN,,,,
WCBDDT2,CHARLESTON SC,NBC,WCBD-TV,CHARLESTON SC,
WFXRDT,ROANOKE-LYNCHBURG,FOX,WFXR,ROANOKE-LYNCHBURG,
POPHD,NEW YORK,,,,
WWLDT,NEW ORLEANS,CBS,WWL-TV,NEW ORLEANS,
KDAFDT,DALLAS-FT. WORTH,CW,KDAF,DALLAS-FT. WORTH,
KUNPLD,PORTLAND OR,UNIVISION,KUNP,PORTLAND OR,
KYUULD,BOISE,-,KYUU-LD,-,
KTXLDT,SACRAMNTO-STKTON-MODESTO,FOX,KTXL,SACRAMNTO-STKTON-MODESTO,
KTVIDT,ST. LOUIS,FOX,KTVI,ST. LOUIS,
HDPPV,LOS ANGELES,,,,
FXM,LOS ANGELES,,,,
WTVCDT,CHATTANOOGA,ABC,WTVC,CHATTANOOGA,
SYFYHD,LOS ANGELES,,,,
KOKIDT,TULSA,FOX,KOKI-TV,TULSA,
WMAZDT2,MACON,CBS,WMAZ-TV,MACON,
HDNETMV,NEW YORK,,,,
WCAUDT,PHILADELPHIA,NBC,WCAU,PHILADELPHIA,
WYFFDT,GREENVLL-SPART-ASHEVLL-AND,NBC,WYFF,GREENVILLE-SPARTANBURG-ASHEVILLE-ANDERSON,
WGRZDT,BUFFALO,NBC,WGRZ,BUFFALO,
WGXADT2,MACON,FOX,WGXA,MACON,
KSATDT,SAN ANTONIO,ABC,KSAT-TV,SAN ANTONIO,
WAGADT,ATLANTA,FOX,WAGA-TV,ATLANTA,
TENISHD,LOS ANGELES,,,,
WVEADT,TAMPA-ST. PETE (SARASOTA),UNIVISION,WVEA-TV,TAMPA-ST. PETE (SARASOTA),
WLWCDT,PROVIDENCE-NEW BEDFORD,CW,WLWC,PROVIDENCE-NEW BEDFORD,
WTKRDT,NORFOLK-PORTSMTH-NEWPT NWS,CBS,WTKR,NORFOLK-PORTSMTH-NEWPT NWS,
HALLHD,LOS ANGELES,,,,
KUQIDT3,CORPUS CHRISTI,FOX,KUQI,CORPUS CHRISTI,
FXXHD,LOS ANGELES,,,,
WUCWDT,MINNEAPOLIS-ST. PAUL,CW,WUCW,MINNEAPOLIS-ST. PAUL,
KRISDT2,CORPUS CHRISTI,NBC/CW,KRIS-TV,CORPUS CHRISTI,
WLEXDT,LEXINGTON,NBC,WLEX-TV,LEXINGTON,
GSNHD,LOS ANGELES,,,,
WNETDT,NEW YORK,PBS,WNET,NEW YORK,
WSAVDT,SAVANNAH,NBC,WSAV-TV,SAVANNAH,
WCGVDT,MILWAUKEE,MYTV,WCGV-TV,MILWAUKEE,
WPBNDT,TRAVERSE CITY-CADILLAC,NBC,WPBN-TV,TRAVERSE CITY-CADILLAC,
WTICDT,HARTFORD & NEW HAVEN,FOX,WTIC-TV,HARTFORD & NEW HAVEN,
TOONHD,NEW YORK,,,,
KTVTDT,DALLAS-FT. WORTH,CBS,KTVT,DALLAS-FT. WORTH,
WNDUDT,SOUTH BEND-ELKHART,NBC,WNDU-TV,SOUTH BEND-ELKHART,
WVAHDT2,CHARLESTON-HUNTINGTON,FOX,WVAH-TV,CHARLESTON-HUNTINGTON,
WKYTDT2,LEXINGTON,CBS,WKYT-TV,LEXINGTON,
KRGVDT,HARLINGEN-WSLCO-BRNSVL-MCA,ABC,KRGV-TV,HARLINGEN-WSLCO-BRNSVL-MCA,
KUQIDT,CORPUS CHRISTI,FOX,KUQI,CORPUS CHRISTI,
WKEFDT,DAYTON,NBC,WKEF,DAYTON,
WFAADT,DALLAS-FT. WORTH,ABC,WFAA,DALLAS-FT. WORTH,
KTIVDT2,SIOUX CITY,NBC,KTIV,SIOUX CITY,
KBAKDT,BAKERSFIELD,CBS,KBAK-TV,BAKERSFIELD,
WTVCDT2,CHATTANOOGA,ABC,WTVC,CHATTANOOGA,
KOMODT,SEATTLE-TACOMA,ABC,KOMO-TV,SEATTLE-TACOMA,
WGEMDT3,QUINCY-HANNIBAL-KEOKUK,NBC,WGEM-TV,QUINCY-HANNIBAL-KEOKUK,
FYIHD,LOS ANGELES,,,,
WGTUDT,TRAVERSE CITY-CADILLAC,ABC,WGTU,TRAVERSE CITY-CADILLAC,
WTOLDT,TOLEDO,CBS,WTOL,TOLEDO,
KXASDT,DALLAS-FT. WORTH,NBC,KXAS-TV,DALLAS-FT. WORTH,
KDSMDT,DES MOINES-AMES,FOX,KDSM-TV,DES MOINES-AMES,
WRLHDT,RICHMOND-PETERSBURG,FOX,WRLH-TV,RICHMOND-PETERSBURG,
WUPADT,ATLANTA,THE CW NETWORK,WUPA,ATLANTA,
WNBWDT,GAINESVILLE,N/A,WNBW-DT,GAINESVILLE,
WGFLDT2,GAINESVILLE,CBS,WGFL,GAINESVILLE,
TNTHD,LOS ANGELES,,,,
WTTEDT,COLUMBUS OH,FOX,WTTE,COLUMBUS OH,
KMOVDT,ST. LOUIS,CBS,KMOV,ST. LOUIS,
KOTVDT,TULSA,CBS,KOTV-DT,TULSA,
KTVXDT,SALT LAKE CITY,ABC,KTVX,SALT LAKE CITY,
KPIXDT,SAN FRANCISCO-OAK-SAN JOSE,CBS,KPIX-TV,SAN FRANCISCO-OAK-SAN JOSE,
WALBDT2,ALBANY GA,NBC,WALB,ALBANY GA,
KTULDT,TULSA,ABC,KTUL,TULSA,
WRGBDT,ALBANY-SCHENECTADY-TROY,CBS,WRGB,ALBANY-SCHENECTADY-TROY,
WTLFDT,TALLAHASSEE-THOMASVILLE,CW,WTLF,TALLAHASSEE-THOMASVILLE,
KHQADT2,QUINCY-HANNIBAL-KEOKUK,CBS,KHQA-TV,QUINCY-HANNIBAL-KEOKUK,
WACHDT,COLUMBIA SC,FOX,WACH,COLUMBIA SC,
KIRODT,SEATTLE-TACOMA,CBS,KIRO-TV,SEATTLE-TACOMA,
KUCWDT,SALT LAKE CITY,CW,KUCW,SALT LAKE CITY,
FREFMHD,LOS ANGELES,,,,
KFDMDT2,BEAUMONT-PORT ARTHUR,CBS,KFDM,BEAUMONT-PORT ARTHUR,
WXLVDT,GREENSBORO-H.POINT-W.SALEM,ABC,WXLV-TV,GREENSBORO-H.POINT-W.SALEM,
CBSSNHD,NEW YORK,,,,
WBTVDT,CHARLOTTE,CBS,WBTV,CHARLOTTE,
AXSTV,LOS ANGELES,,,,
WNEMDT,FLINT-SAGINAW-BAY CITY,CBS,WNEM-TV,FLINT-SAGINAW-BAY CITY,
WWCPDT,JOHNSTOWN-ALTOONA-ST COLGE,FOX,WWCP-TV,JOHNSTOWN-ALTOONA-ST COLGE,
WPFODT,PORTLAND-AUBURN,FOX,WPFO,PORTLAND-AUBURN,
KOLODT,RENO,ABC,KOLO-TV,RENO,
WGFLDT,GAINESVILLE,CBS,WGFL,GAINESVILLE,
WTVFDT,NASHVILLE,CBS,WTVF,NASHVILLE,
KPTMDT,OMAHA,FOX,KPTM,OMAHA,
KYWDT,PHILADELPHIA,CBS,KYW-TV,PHILADELPHIA,
WNBCDT,NEW YORK,NBC,WNBC,NEW YORK,
WSBTDT2,SOUTH BEND-ELKHART,CBS,WSBT-TV,SOUTH BEND-ELKHART,
WRSPDT,CHAMPAIGN&SPRNGFLD-DECATUR,FOX,WRSP-TV,CHAMPAIGN&SPRNGFLD-DECATUR,
TRAVHD,LOS ANGELES,,,,
WFTVDT,ORLANDO-DAYTONA BCH-MELBRN,ABC,WFTV,ORLANDO-DAYTONA BCH-MELBRN,
KIMADT,YAKIMA-PASCO-RCHLND-KNNWCK,CBS,KIMA-TV,YAKIMA-PASCO-RCHLND-KNNWCK,
KOVRDT,SACRAMNTO-STKTON-MODESTO,CBS,KOVR,SACRAMNTO-STKTON-MODESTO,
WTATDT,CHARLESTON SC,FOX,WTAT-TV,CHARLESTON SC,
KUTVDT2,SALT LAKE CITY,CBS,KUTV,SALT LAKE CITY,
KXVODT,OMAHA,CW,KXVO,OMAHA,
WSTQLP,SYRACUSE,-,WSTQ-LP,-,
STRZIBH,LOS ANGELES,,,,
WFLIDT,CHATTANOOGA,CW,WFLI-TV,CHATTANOOGA,
WFMYDT,GREENSBORO-H.POINT-W.SALEM,CBS,WFMY-TV,GREENSBORO-H.POINT-W.SALEM,
THMAXHD,LOS ANGELES,,,,
HGTVD,LOS ANGELES,,,,
DJCHHD,LOS ANGELES,,,,
KBTVDT,BEAUMONT-PORT ARTHUR,-,KBTV-CD,-,
KMBCDT,KANSAS CITY,ABC,KMBC-TV,KANSAS CITY,
WNYWDT,NEW YORK,FOX,WNYW,NEW YORK,
WDEFDT,CHATTANOOGA,CBS,WDEF-TV,CHATTANOOGA,
KMTWDT,WICHITA-HUTCHINSON PLUS,MYTV,KMTW,WICHITA-HUTCHINSON PLUS,
CTRCHD,NEW YORK,,,,
WSWBDT,WILKES BARRE-SCRANTON-HZTN,CW,WSWB,WILKES BARRE-SCRANTON,
NGCHD,LOS ANGELES,,,,
TRUTVHD,NEW YORK,,,,
KXLYDT,SPOKANE,ABC,KXLY-TV,SPOKANE,
WDSUDT,NEW ORLEANS,NBC,WDSU,NEW ORLEANS,
WSWGDT,ALBANY GA,CBS,WSWG,ALBANY GA,
WSBDT,ATLANTA,ABC,WSB-TV,ATLANTA,
KWWLDT,CEDAR RAPIDS-WTRLO-IWC&DUB,NBC,KWWL,CEDAR RAPIDS-WTRLO-IWC&DUB,
WUPWDT,TOLEDO,FOX,WUPW,TOLEDO,
STZHD,NEW YORK,,,,
WUTVDT,BUFFALO,FOX,WUTV,BUFFALO,
KTVLDT2,MEDFORD-KLAMATH FALLS,CBS,KTVL,MEDFORD-KLAMATH FALLS,
WSPADT,GREENVLL-SPART-ASHEVLL-AND,CBS,WSPA-TV,GREENVLL-SPART-ASHEVLL-AND,
WZZMDT,GRAND RAPIDS-KALMZOO-B.CRK,ABC,WZZM,GRAND RAPIDS-KALMZOO-B.CRK,
DSCHD,LOS ANGELES,,,,
SPIKEHD,LOS ANGELES,,,,
KRCWDT,PORTLAND OR,-,KRCW-LP,-,
WHAMDT2,ROCHESTER NY,ABC,WHAM-TV,ROCHESTER NY,
WLOSDT,GREENVLL-SPART-ASHEVLL-AND,ABC,WLOS,GREENVLL-SPART-ASHEVLL-AND,
KMYSDT,SAN ANTONIO,MYTV,KMYS,SAN ANTONIO,
WFLIDT2,CHATTANOOGA,CW,WFLI-TV,CHATTANOOGA,
WGNODT,NEW ORLEANS,ABC,WGNO,NEW ORLEANS,
KRISDT,CORPUS CHRISTI,NBC/CW,KRIS-TV,CORPUS CHRISTI,
KHQADT,QUINCY-HANNIBAL-KEOKUK,CBS,KHQA-TV,QUINCY-HANNIBAL-KEOKUK,
KATVDT,LITTLE ROCK-PINE BLUFF,ABC,KATV,LITTLE ROCK-PINE BLUFF,
WPSDDT,PADUCAH-CAPE GIRARD-HARSBG,NBC,WPSD-TV,PADUCAH-CAPE GIRARD-HARSBG,
KMPHDT2,FRESNO-VISALIA,FOX,KMPH-TV,FRESNO-VISALIA,
WMYVDT,GREENSBORO-H.POINT-W.SALEM,MYTV,WMYV,GREENSBORO-H.POINT-W.SALEM,
WTTGDT,WASHINGTON DC (HAGRSTWN),FOX,WTTG,WASHINGTON DC (HAGRSTWN),
WSTMDT,SYRACUSE,NBC,WSTM-TV,SYRACUSE,
KICUDT,SAN FRANCISCO-OAK-SAN JOSE,IND,KICU-TV,SAN FRANCISCO-OAK-SAN JOSE,
KXANDT,AUSTIN,NBC,KXAN-TV,AUSTIN,
KTNVDT,LAS VEGAS,ABC,KTNV-TV,LAS VEGAS,
WUTBDT,BALTIMORE,MY NETWORK,WUTB,BALTIMORE,
WCIVDT2,CHARLESTON SC,MYTV,WCIV,CHARLESTON SC,
CCHD,LOS ANGELES,,,,
KVIEDT,SACRAMNTO-STKTON-MODESTO,PBS,KVIE,SACRAMNTO-STKTON-MODESTO,
KMIZDT,COLUMBIA-JEFFERSON CITY,ABC,KMIZ,COLUMBIA-JEFFERSON CITY,
KSCIDT8,LOS ANGELES,IND,KSCI,LOS ANGELES,
WHPDT3,HARRISBURG-LNCSTR-LEB-YORK,CBS,WHP-TV,HARRISBURG-LNCSTR-LEB-YORK,
WRCDT,WASHINGTON DC (HAGRSTWN),NBC,WRCB,CHATTANOOGA,
KJRHDT,TULSA,NBC,KJRH-TV,TULSA,
WKRCDT,CINCINNATI,CBS,WKRC-TV,CINCINNATI,
WTXFDT,PHILADELPHIA,FOX,WTXF-TV,PHILADELPHIA,
WTAJDT,JOHNSTOWN-ALTOONA-ST COLGE,CBS,WTAJ-TV,JOHNSTOWN-ALTOONA-ST COLGE,
BRAVOHD,NEW YORK,,,,
NGWIHD,LOS ANGELES,,,,
WTOCDT,SAVANNAH,CBS,WTOC-TV,SAVANNAH,
WNABDT,NASHVILLE,CW,WNAB,NASHVILLE,
BIG10HD,MINNEAPOLIS-ST. PAUL,,,,
OWNHD,NEW YORK,,,,
KREMDT,SPOKANE,CBS,KREM,SPOKANE,
KQFXLD,COLUMBIA-JEFFERSON CITY,-,KQFX-LD,-,
KDNLDT,ST. LOUIS,ABC,KDNL-TV,ST. LOUIS,
KVCWDT2,LAS VEGAS,CW,KVCW,LAS VEGAS,
KSDKDT,ST. LOUIS,NBC,KSDK,ST. LOUIS,
WPXNDT,NEW YORK,ION,WPXN-TV,NEW YORK,
WOWKDT,CHARLESTON-HUNTINGTON,CBS,WOWK-TV,CHARLESTON-HUNTINGTON,
KDFWDT,DALLAS-FT. WORTH,FOX,KDFW,DALLAS-FT. WORTH,
WTVGDT2,TOLEDO,ABC,WTVG,TOLEDO,
KRNVDT,RENO,NBC,KRNV-DT,RENO,
KTVNDT,RENO,CBS,KTVN,RENO,
KARKDT,LITTLE ROCK-PINE BLUFF,NBC,KARK-TV,LITTLE ROCK-PINE BLUFF,
WABCDT,NEW YORK,ABC,WABC-TV,NEW YORK,
ESPNWHD,LOS ANGELES,,,,
KBYUDT,SALT LAKE CITY,PBS,KBYU-TV,SALT LAKE CITY,
KNBCDT,LOS ANGELES,NBC,KNBC,LOS ANGELES,
WSBTDT,SOUTH BEND-ELKHART,CBS,WSBT-TV,SOUTH BEND-ELKHART,
WFLDDT,CHICAGO,FOX,WFLD,CHICAGO,
WNYODT,BUFFALO,MYTV,WNYO-TV,BUFFALO,
WJZYDT,CHARLOTTE,FOX,WJZY,CHARLOTTE,
SZESUHD,NEW YORK,,,,
WCTVDT,TALLAHASSEE-THOMASVILLE,CBS,WCTV,TALLAHASSEE-THOMASVILLE,
WBREDT,WILKES BARRE-SCRANTON-HZTN,NBC,WBRE-TV,WILKES BARRE-SCRANTON,
KRCGDT,COLUMBIA-JEFFERSON CITY,CBS,KRCG,COLUMBIA-JEFFERSON CITY,
USAHD,NEW YORK,,,,
WIVBDT,BUFFALO,CBS,WIVB-TV,BUFFALO,
KFDADT,AMARILLO,CBS,KFDA-TV,AMARILLO,
KMPHDT,FRESNO-VISALIA,FOX,KMPH-TV,FRESNO-VISALIA,
WGNA,LOS ANGELES,IND,WGGS-TV,GREENVLL-SPART-ASHEVLL-AND,
WFUTDT,LOS ANGELES,UNIMAS,WFUT-DT,NEW YORK,
WUXPDT,NASHVILLE,MYTV,WUXP-TV,NASHVILLE,
WSAVDT2,SAVANNAH,NBC,WSAV-TV,SAVANNAH,
WTGSDT,SAVANNAH,FOX,WTGS,SAVANNAH,
WPIXDT,NEW YORK,CW,WPIX,NEW YORK,
KLSRDT,EUGENE,FOX,KLSR-TV,EUGENE,
WFXLDT,ALBANY GA,FOX,WFXL,ALBANY GA,
WHTMDT,HARRISBURG-LNCSTR-LEB-YORK,ABC,WHTM-TV,HARRISBURG-LNCSTR-LEB-YORK,
WKYTDT,LEXINGTON,CBS,WKYT-TV,LEXINGTON,
WQCWDT,CHARLESTON-HUNTINGTON,CW,WQCW,CHARLESTON-HUNTINGTON,
WCSHDT,PORTLAND-AUBURN,NBC,WCSH,PORTLAND-AUBURN,
IDHD,LOS ANGELES,,,,
WBRCDT,BIRMINGHAM (ANN AND TUSC),FOX,WBRC,BIRMINGHAM (ANN TUSC),
WBDTDT,DAYTON,CW,WBDT,DAYTON,
WCCODT,MINNEAPOLIS-ST. PAUL,CBS,WCCO-TV,MINNEAPOLIS-ST. PAUL,
WMTWDT,PORTLAND-AUBURN,ABC,WMTW,PORTLAND-AUBURN,
LIFEHD,LOS ANGELES,,,,
KQCWDT,TULSA,CW,KQCW-DT,TULSA,
WTENDT,ALBANY-SCHENECTADY-TROY,ABC,WTEN,ALBANY-SCHENECTADY-TROY,
KAMEDT,RENO,MYTV,KAME-TV,RENO,
AMCHD,LOS ANGELES,,,,
WXTVDT,LOS ANGELES,UNIVISION,WXTV-DT,NEW YORK,
WCWFDT,GREEN BAY-APPLETON,CW,WCWF,GREEN BAY-APPLETON,
WNJUDT,NEW YORK,TELEMUNDO,WNJU,NEW YORK,
WFGXDT,MOBILE-PENSACOLA (FT WALT),MYTV,WFGX,MOBILE-PENSACOLA (FT WALT),
WTAEDT,PITTSBURGH,ABC,WTAE-TV,PITTSBURGH,
FNCHD,LOS ANGELES,,,,
WAVYDT,NORFOLK-PORTSMTH-NEWPT NWS,NBC,WAVY-TV,NORFOLK-PORTSMTH-NEWPT NWS,
WGMEDT,PORTLAND-AUBURN,CBS,WGME-TV,PORTLAND-AUBURN,
WICSDT,CHAMPAIGN&SPRNGFLD-DECATUR,NBC,WICS,CHAMPAIGN&SPRNGFLD-DECATUR,
WFSBDT,HARTFORD & NEW HAVEN,CBS,WFSB,HARTFORD & NEW HAVEN,
WXMIDT,GRAND RAPIDS-KALMZOO-B.CRK,FOX,WXMI,GRAND RAPIDS-KALMZOO-B.CRK,
KBFXCD,BAKERSFIELD,-,KBFX-CD,-,
KVIIDT,AMARILLO,CBS,KVII-TV,AMARILLO,
WTVZDT,NORFOLK-PORTSMTH-NEWPT NWS,MYTV,WTVZ-TV,NORFOLK-PORTSMTH-NEWPT NWS,
WKOWDT,MADISON,ABC,WKOW,MADISON,
WWCWDT,ROANOKE-LYNCHBURG,FOX,WWCW,ROANOKE-LYNCHBURG,
KCWIDT,DES MOINES-AMES,CW,KCWI-TV,DES MOINES-AMES,
WMYTDT,CHARLOTTE,MNT,WMYT-TV,CHARLOTTE,
KABCDT,LOS ANGELES,ABC,KABC-TV,LOS ANGELES,
WWTVDT,TRAVERSE CITY-CADILLAC,CBS,WWTV,TRAVERSE CITY-CADILLAC,
KSNWDT,WICHITA-HUTCHINSON PLUS,NBC,KSNW,WICHITA-HUTCHINSON PLUS,
HLNHD,LOS ANGELES,,,,
KAPPDT,YAKIMA-PASCO-RCHLND-KNNWCK,ABC,KAPP,YAKIMA-PASCO-RCHLND-KNNWCK,
KZTVDT,CORPUS CHRISTI,CBS,KZTV,CORPUS CHRISTI,
HBOHD,NEW YORK,,,,
WAXNDT,CHARLOTTE,IND,WAXN-TV,CHARLOTTE,
KAREDT,MINNEAPOLIS-ST. PAUL,NBC,KARE,MINNEAPOLIS-ST. PAUL,
WHNSDT,GREENVLL-SPART-ASHEVLL-AND,FOX,WHNS,GREENVLL-SPART-ASHEVLL-AND,
WHASDT,LOUISVILLE,ABC,WHAS-TV,LOUISVILLE,
WVUEDT,NEW ORLEANS,FOX,WVUE-DT,NEW ORLEANS,
WXIADT,ATLANTA,NBC,WXIA-TV,ATLANTA,
WOODDT,GRAND RAPIDS-KALMZOO-B.CRK,NBC,WOOD-TV,GRAND RAPIDS-KALMZOO-B.CRK,
WLFLDT,RALEIGH-DURHAM (FAYETVLLE),CW,WLFL,RALEIGH-DURHAM (FAYETVLLE),
WBTSLD,BOSTON (MANCHESTER),-,WBTS-LD,-,
WZTVDT,NASHVILLE,FOX,WZTV,NASHVILLE,
ESPNUHD,NEW YORK,,,,
WYOUDT,WILKES BARRE-SCRANTON-HZTN,CBS,WYOU,WILKES BARRE-SCRANTON,
WBMALD,BIRMINGHAM (ANN AND TUSC),-,WBMA-LD,-,
WWMTDT2,GRAND RAPIDS-KALMZOO-B.CRK,CBS,WWMT,GRAND RAPIDS-KALMZOO-B.CRK,
KSLDT,SALT LAKE CITY,NBC,KSL-TV,SALT LAKE CITY,
WCBSDT,NEW YORK,CBS,WCBS-TV,NEW YORK,
COOKHD,NEW YORK,,,,
WHOIDT,PEORIA-BLOOMINGTON,ABC,WHOI,PEORIA-BLOOMINGTON,
WTWCDT2,TALLAHASSEE-THOMASVILLE,NBC,WTWC-TV,TALLAHASSEE-THOMASVILLE,
KXTVDT,SACRAMNTO-STKTON-MODESTO,ABC,KXTV,SACRAMNTO-STKTON-MODESTO,
DIYHD,LOS ANGELES,,,,
WJACDT,JOHNSTOWN-ALTOONA-ST COLGE,NBC,WJAC-TV,JOHNSTOWN-ALTOONA-ST COLGE,
KMTRDT2,EUGENE,NBC,KMTR,EUGENE,
KDFIDT,DALLAS-FT. WORTH,MY NETWORK,KDFI,DALLAS-FT. WORTH,
WLUKDT,GREEN BAY-APPLETON,FOX,WLUK-TV,GREEN BAY-APPLETON,
MGMHD,PHILADELPHIA,,,,
KCRGDT,CEDAR RAPIDS-WTRLO-IWC&DUB,ABC,KCRG-TV,CEDAR RAPIDS-WTRLO-IWC&DUB,
KFREDT,FRESNO-VISALIA,CW,KFRE-TV,FRESNO-VISALIA,
KBCWDT,SAN FRANCISCO-OAK-SAN JOSE,THE CW NETWORK,KBCW,SAN FRANCISCO-OAK-SAN JOSE,
KOBIDT,MEDFORD-KLAMATH FALLS,NBC,KOBI,MEDFORD-KLAMATH FALLS,
WMYADT,GREENVLL-SPART-ASHEVLL-AND,MYTV,WMYA-TV,GREENVLL-SPART-ASHEVLL-AND,
KTVODT,OTTUMWA-KIRKSVILLE,ABC,KTVO,OTTUMWA-KIRKSVILLE,
KCTVDT,KANSAS CITY,CBS,KCTV,KANSAS CITY,
KHQDT,SPOKANE,NBC,KHQ-TV,SPOKANE,
KSASDT,WICHITA-HUTCHINSON PLUS,FOX,KSAS-TV,WICHITA-HUTCHINSON PLUS,
WSWGDT3,ALBANY GA,CBS,WSWG,ALBANY GA,
WSWGDT2,ALBANY GA,CBS,WSWG,ALBANY GA,
WTCNCD,WEST PALM BEACH-FT. PIERCE,-,WTCN-CA,-,
KGBTDT,HARLINGEN-WSLCO-BRNSVL-MCA,CBS,KGBT-TV,HARLINGEN-WSLCO-BRNSVL-MCA,
NIKHD,LOS ANGELES,,,,
HSNHD,NEW YORK,,,,
KTVLDT,MEDFORD-KLAMATH FALLS,CBS,KTVL,MEDFORD-KLAMATH FALLS,
WCVBDT,BOSTON (MANCHESTER),ABC,WCVB-TV,BOSTON (MANCHESTER),
WKPCDT,LOUISVILLE,PBS,WKPC-TV,LOUISVILLE,
WCMHDT,COLUMBUS OH,NBC,WCMH-TV,COLUMBUS OH,
WOWTDT,OMAHA,NBC,WOWT,OMAHA,
SUNDANC,NEW YORK,,,,
MTVHD,LOS ANGELES,,,,
KLRTDT,LITTLE ROCK-PINE BLUFF,FOX,KLRT-TV,LITTLE ROCK-PINE BLUFF,
WVECDT,NORFOLK-PORTSMTH-NEWPT NWS,ABC,WVEC,NORFOLK-PORTSMTH-NEWPT NWS,
WFNADT,MOBILE-PENSACOLA (FT WALT),CW,WFNA,MOBILE-PENSACOLA (FT WALT),
KCAUDT,SIOUX CITY,ABC,KCAU-TV,SIOUX CITY,
SHOWHD,NEW YORK,,,,
KERODT,BAKERSFIELD,ABC,KERO-TV,BAKERSFIELD,
TVLNDHD,LOS ANGELES,,,,
TCMHD,LOS ANGELES,,,,
KGETDT,BAKERSFIELD,NBC,KGET-TV,BAKERSFIELD,
KFXADT,CEDAR RAPIDS-WTRLO-IWC&DUB,FOX,KFXA,CEDAR RAPIDS-WTRLO-IWC&DUB,
TLCHD,LOS ANGELES,,,,
WMTVDT2,MADISON,NBC,WMTV,MADISON,
WNACDT,PROVIDENCE-NEW BEDFORD,FOX,WNAC-TV,PROVIDENCE-NEW BEDFORD,
KEPRDT2,YAKIMA-PASCO-RCHLND-KNNWCK,CBS,KEPR-TV,YAKIMA-PASCO-RCHLND-KNNWCK,
YESNATD,NEW YORK,,,,
DFCHD,LOS ANGELES,,,,
WDAFDT,KANSAS CITY,FOX,WDAF-TV,KANSAS CITY,
ACMAXHD,LOS ANGELES,,,,
KAYUDT,SPOKANE,FOX,KAYU-TV,SPOKANE,
KNTVDT,SAN FRANCISCO-OAK-SAN JOSE,NBC,KNTV,SAN FRANCISCO-OAK-SAN JOSE,
FSOH7HD,LOS ANGELES,,,,
SCIHD,LOS ANGELES,,,,
KTVBDT,BOISE,NBC,KTVB,BOISE,
MTV2HD,NEW YORK,,,,
KYOUDT,OTTUMWA-KIRKSVILLE,FOX,KYOU-TV,OTTUMWA-KIRKSVILLE,
WTVHDT,SYRACUSE,CBS,WTVH,SYRACUSE,
KFSNDT,FRESNO-VISALIA,ABC,KFSN-TV,FRESNO-VISALIA,
WWMBDT,MYRTLE BEACH-FLORENCE,CW,WWMB,MYRTLE BEACH-FLORENCE,
WSETDT,ROANOKE-LYNCHBURG,ABC,WSET-TV,ROANOKE-LYNCHBURG,
KCWTLD,HARLINGEN-WSLCO-BRNSVL-MCA,-,KCWT-CD,-,
KBOIDT,BOISE,CBS,KBOI-TV,BOISE,
WFLADT,TAMPA-ST. PETE (SARASOTA),NBC,WFLA-TV,TAMPA-ST. PETE (SARASOTA),
KTSMDT,EL PASO (LAS CRUCES),NBC,KTSM-TV,EL PASO (LAS CRUCES),
KEZIDT,EUGENE,ABC,KEZI,EUGENE,
KOMUDT,COLUMBIA-JEFFERSON CITY,NBC,KOMU-TV,COLUMBIA-JEFFERSON CITY,
WMTVDT,MADISON,NBC,WMTV,MADISON,
WOGXDT,GAINESVILLE,FOX,WOGX,GAINESVILLE,
ESPNHD,NEW YORK,,,,
WBZDT,BOSTON (MANCHESTER),CBS,WBZ-TV,BOSTON (MANCHESTER),
WGXADT,MACON,FOX,WGXA,MACON,
IFCHD,NEW YORK,,,,
WCCUDT,CHAMPAIGN&SPRNGFLD-DECATUR,FOX,WCCU,CHAMPAIGN&SPRNGFLD-DECATUR,
KLEWDT,SPOKANE,CBS,KLEW-TV,SPOKANE,
KSKNDT,SPOKANE,CW,KSKN,SPOKANE,
KTVODT2,OTTUMWA-KIRKSVILLE,ABC,KTVO,OTTUMWA-KIRKSVILLE,
WPXIDT,PITTSBURGH,NBC,WPXI,PITTSBURGH,
WWHODT,COLUMBUS OH,CW,WWHO,COLUMBUS OH,
WWBTDT,RICHMOND-PETERSBURG,NBC,WWBT,RICHMOND-PETERSBURG,
WDKYDT,LEXINGTON,FOX,WDKY-TV,LEXINGTON,
WMSNDT,MADISON,FOX,WMSN-TV,MADISON,
WFLXDT,WEST PALM BEACH-FT. PIERCE,FOX,WFLX,WEST PALM BEACH-FT. PIERCE,
WPMTDT,HARRISBURG-LNCSTR-LEB-YORK,FOX,WPMT,HARRISBURG-LNCSTR-LEB-YORK,
FBNHD,LOS ANGELES,,,,
KTVUDT,SAN FRANCISCO-OAK-SAN JOSE,FOX,KTVU,SAN FRANCISCO-OAK-SAN JOSE,
WPDEDT,MYRTLE BEACH-FLORENCE,ABC,WPDE-TV,MYRTLE BEACH-FLORENCE,
KATUDT,PORTLAND OR,ABC,KATU,PORTLAND OR,
WRDCDT,RALEIGH-DURHAM (FAYETVLLE),MYTV,WRDC,RALEIGH-DURHAM (FAYETVLLE),
WNWODT2,TOLEDO,NBC,WNWO-TV,TOLEDO,
WGEMDT2,QUINCY-HANNIBAL-KEOKUK,NBC,WGEM-TV,QUINCY-HANNIBAL-KEOKUK,
KCRADT,SACRAMNTO-STKTON-MODESTO,NBC,KCRA-TV,SACRAMNTO-STKTON-MODESTO,
WNEPDT,WILKES BARRE-SCRANTON-HZTN,ABC,WNEP-TV,WILKES BARRE-SCRANTON,
KEYEDT2,AUSTIN,CBS,KEYE-TV,AUSTIN,
OXYGNHD,LOS ANGELES,,,,
KBMTDT2,BEAUMONT-PORT ARTHUR,ABC, NBC,KBMT,BEAUMONT-PORT ARTHUR
KLASDT,LAS VEGAS,CBS,KLAS-TV,LAS VEGAS,
KDBCDT,EL PASO (LAS CRUCES),CBS,KDBC-TV,EL PASO (LAS CRUCES),
KGANDT,CEDAR RAPIDS-WTRLO-IWC&DUB,CBS,KGAN,CEDAR RAPIDS-WTRLO-IWC&DUB,
WOIDT,DES MOINES-AMES,ABC,WOI-DT,DES MOINES-AMES,
WALBDT,ALBANY GA,NBC,WALB,ALBANY GA,
KBMTDT,BEAUMONT-PORT ARTHUR,ABC, NBC,KBMT,BEAUMONT-PORT ARTHUR
GOLFHD,LOS ANGELES,,,,
WUPVDT,RICHMOND-PETERSBURG,CW,WUPV,RICHMOND-PETERSBURG,
KUEDDT,SALT LAKE CITY,PBS,KUED,SALT LAKE CITY,
WALADT,MOBILE-PENSACOLA (FT WALT),FOX,WALA-TV,MOBILE-PENSACOLA (FT WALT),
ZLVINGH,NEW YORK,,,,
WTNHDT,HARTFORD & NEW HAVEN,ABC,WTNH,HARTFORD & NEW HAVEN,
WLSDT,CHICAGO,ABC,WLS-TV,CHICAGO,
WCWNDT,ALBANY-SCHENECTADY-TROY,CW,WCWN,ALBANY-SCHENECTADY-TROY,
WDBJDT,ROANOKE-LYNCHBURG,CBS,WDBJ,ROANOKE-LYNCHBURG,
RFDHD,DALLAS-FT. WORTH,,,,
WPBFDT,WEST PALM BEACH-FT. PIERCE,ABC,WPBF,WEST PALM BEACH-FT. PIERCE,
WPMIDT,MOBILE-PENSACOLA (FT WALT),NBC,WPMI-TV,MOBILE-PENSACOLA (FT WALT),
HMMHD,LOS ANGELES,,,,
WCSCDT,CHARLESTON SC,CBS,WCSC-TV,CHARLESTON SC,
WXIIDT,GREENSBORO-H.POINT-W.SALEM,NBC,WXII-TV,GREENSBORO-H.POINT-W.SALEM,
STRZCIH,LOS ANGELES,,,,
BLOOMHD,NEW YORK,,,,
WPXTDT,PORTLAND-AUBURN,CW,WPXT,PORTLAND-AUBURN,
WGHPDT,GREENSBORO-H.POINT-W.SALEM,FOX,WGHP,GREENSBORO-H.POINT-W.SALEM,
WTMJDT,MILWAUKEE,NBC,WTMJ-TV,MILWAUKEE,
KCCIDT,DES MOINES-AMES,CBS,KCCI,DES MOINES-AMES,
WGNTDT,NORFOLK-PORTSMTH-NEWPT NWS,THE CW NETWORK,WGNT,NORFOLK-PORTSMTH-NEWPT NWS,
WSYRDT,SYRACUSE,ABC,WSYR-TV,SYRACUSE,
KSTWDT,SEATTLE-TACOMA,THE CW NETWORK,KSTW,SEATTLE-TACOMA,
KTIVDT,SIOUX CITY,NBC,KTIV,SIOUX CITY,
KVIADT2,EL PASO (LAS CRUCES),ABC,KVIA-TV,EL PASO (LAS CRUCES),
WITIDT,MILWAUKEE,FOX,WITI,MILWAUKEE,
KGETDT2,BAKERSFIELD,NBC,KGET-TV,BAKERSFIELD,
KVIIDT2,AMARILLO,CBS,KVII-TV,AMARILLO,
CSNCH,CHICAGO,,,,
KMEGDT,SIOUX CITY,CBS,KMEG,SIOUX CITY,
WEATHHD,NEW YORK,ABC,WEAR-TV,MOBILE-PENSACOLA (FT WALT),
KDNLDT2,ST. LOUIS,ABC,KDNL-TV,ST. LOUIS,
KUNSDT,SEATTLE-TACOMA,UNIVISION,KUNS-TV,SEATTLE-TACOMA,
WANDDT,CHAMPAIGN&SPRNGFLD-DECATUR,NBC,WAND,CHAMPAIGN&SPRNGFLD-DECATUR,
STZKHD,NEW YORK,,,,
WESHDT,ORLANDO-DAYTONA BCH-MELBRN,NBC,WESH,ORLANDO-DAYTONA BCH-MELBRN,
WEHD,NEW YORK,-,WESL-LP,-,
HBOCHD,LOS ANGELES,,,,
INSPHD,ATLANTA,,,,
WCIVDT,CHARLESTON SC,MYTV,WCIV,CHARLESTON SC,
KOLNDT,LINCOLN & HASTINGS-KRNY,CBS,KOLN,LINCOLN & HASTINGS-KRNY,
FS1HD,LOS ANGELES,,,,
WTVGDT,TOLEDO,ABC,WTVG,TOLEDO,
WSOCDT,CHARLOTTE,ABC,WSOC-TV,CHARLOTTE,
BLAZEHD,LOS ANGELES,,,,
KCTSDT,SEATTLE-TACOMA,PBS,KCTS-TV,SEATTLE-TACOMA,
WBTWDT,MYRTLE BEACH-FLORENCE,CBS,WBTW,MYRTLE BEACH-FLORENCE,
WDTNDT,DAYTON,NBC,WDTN,DAYTON,
WGALDT,HARRISBURG-LNCSTR-LEB-YORK,NBC,WGAL,HARRISBURG-LNCSTR-LEB-YORK,
WABMDT,BIRMINGHAM (ANN AND TUSC),MYTV,WABM,BIRMINGHAM (ANN TUSC),
WTRFDT3,WHEELING-STEUBENVILLE,CBS,WTRF-TV,WHEELING-STEUBENVILLE,
FOODHD,LOS ANGELES,,,,
WEEKDT,PEORIA-BLOOMINGTON,NBC,WEEK-TV,PEORIA-BLOOMINGTON,
WMGTDT,MACON,NBC,WMGT-TV,MACON,
MNBCHD,NEW YORK,,,,
KVUEDT,AUSTIN,ABC,KVUE,AUSTIN,
WNWODT,TOLEDO,NBC,WNWO-TV,TOLEDO,
WWORDT,NEW YORK,MY NETWORK,WWOR-TV,NEW YORK,
KAMRDT,AMARILLO,NBC,KAMR-TV,AMARILLO,
WPVIDT,PHILADELPHIA,ABC,WPVI-TV,PHILADELPHIA,
WHODT,DES MOINES-AMES,NBC,WHO-DT,DES MOINES-AMES,
WJTCDT,MOBILE-PENSACOLA (FT WALT),IND,WJTC,MOBILE-PENSACOLA (FT WALT),
KENVDT,SALT LAKE CITY,NBC,KENV-DT,SALT LAKE CITY,
CMTVHD,LOS ANGELES,,,,
KPTVDT,PORTLAND OR,FOX,KPTV,PORTLAND OR,
KOMUDT3,COLUMBIA-JEFFERSON CITY,NBC,KOMU-TV,COLUMBIA-JEFFERSON CITY,
WNBWDT2,GAINESVILLE,N/A,WNBW-DT,GAINESVILLE,
LMNHD,LOS ANGELES,,,,
SZECLHD,NEW YORK,,,,
WDRBDT,LOUISVILLE,FOX,WDRB,LOUISVILLE,
KEYEDT,AUSTIN,CBS,KEYE-TV,AUSTIN,
WSYXDT,COLUMBUS OH,ABC,WSYX,COLUMBUS OH,
KUVIDT,BAKERSFIELD,MYTV,KUVI-DT,BAKERSFIELD,
KDKADT,PITTSBURGH,CBS,KDKA-TV,PITTSBURGH,
WCJBDT,GAINESVILLE,ABC,WCJB-TV,GAINESVILLE,
WRALDT,RALEIGH-DURHAM (FAYETVLLE),NBC,WRAL-TV,RALEIGH-DURHAM (FAYETVLLE),
KMTVDT,OMAHA,CBS,KMTV-TV,OMAHA,
WKMGDT,ORLANDO-DAYTONA BCH-MELBRN,CBS,WKMG-TV,ORLANDO-DAYTONA BCH-MELBRN,
WTTODT,BIRMINGHAM (ANN AND TUSC),CW,WTTO,BIRMINGHAM (ANN TUSC),
WVTVDT,MILWAUKEE,CW,WVTV,MILWAUKEE,
WUHFDT,ROCHESTER NY,FOX,WUHF,ROCHESTER NY,
WHAMDT,ROCHESTER NY,ABC,WHAM-TV,ROCHESTER NY,
WAVEDT,LOUISVILLE,NBC,WAVE,LOUISVILLE,
KCITDT,AMARILLO,FOX,KCIT,AMARILLO,
WRICDT,RICHMOND-PETERSBURG,ABC,WRIC-TV,RICHMOND-PETERSBURG,
FXHD,LOS ANGELES,,,,
KGODT,SAN FRANCISCO-OAK-SAN JOSE,ABC,KGO-TV,SAN FRANCISCO-OAK-SAN JOSE,
KOFYDT,SAN FRANCISCO-OAK-SAN JOSE,IND,KOFY-TV,SAN FRANCISCO-OAK-SAN JOSE,
CNBCHD,NEW YORK,,,,
KMAXDT,SACRAMNTO-STKTON-MODESTO,CW,KMAX-TV,SACRAMNTO-STKTON-MODESTO,
WEEKDT3,PEORIA-BLOOMINGTON,NBC,WEEK-TV,PEORIA-BLOOMINGTON,
WEEKDT2,PEORIA-BLOOMINGTON,NBC,WEEK-TV,PEORIA-BLOOMINGTON,
WXXADT,ALBANY-SCHENECTADY-TROY,FOX,WXXA-TV,ALBANY-SCHENECTADY-TROY,
KINGDT,SEATTLE-TACOMA,NBC,KING-TV,SEATTLE-TACOMA,
WBNSDT,COLUMBUS OH,CBS,WBNS-TV,COLUMBUS OH,
KUTVDT,SALT LAKE CITY,CBS,KUTV,SALT LAKE CITY,
WPECDT,WEST PALM BEACH-FT. PIERCE,CBS,WPEC,WEST PALM BEACH-FT. PIERCE,
KWCHDT,WICHITA-HUTCHINSON PLUS,CBS,KWCH-DT,WICHITA-HUTCHINSON PLUS,
KSCIDT,LOS ANGELES,IND,KSCI,LOS ANGELES,
WTVQDT,LEXINGTON,ABC,WTVQ-DT,LEXINGTON,
WDJTDT,MILWAUKEE,CBS,WDJT-TV,MILWAUKEE,
WROCDT,ROCHESTER NY,CBS,WROC-TV,ROCHESTER NY,
WLWTDT,CINCINNATI,NBC,WLWT,CINCINNATI,
WJRTDT,FLINT-SAGINAW-BAY CITY,ABC,WJRT-TV,FLINT-SAGINAW-BAY CITY,
WSYTDT,SYRACUSE,FOX,WSYT,SYRACUSE,
WBSFDT,FLINT-SAGINAW-BAY CITY,CW,WBSF,FLINT-SAGINAW-BAY CITY,
KFXLDT,LINCOLN & HASTINGS-KRNY,CW,KFXL-TV,LINCOLN & HASTINGS-KRNY,
WVAHDT,CHARLESTON-HUNTINGTON,FOX,WVAH-TV,CHARLESTON-HUNTINGTON,
WMARDT,BALTIMORE,ABC,WMAR-TV,BALTIMORE,
WTOGDT,TAMPA-ST. PETE (SARASOTA),THE CW NETWORK,WTOG,TAMPA-ST. PETE (SARASOTA),
KSNVDT,LAS VEGAS,MYTV,KSNV,LAS VEGAS,
WKRGDT,MOBILE-PENSACOLA (FT WALT),CBS,WKRG-TV,MOBILE-PENSACOLA (FT WALT),
WCCBDT,CHARLOTTE,CW/METV,WCCB,CHARLOTTE,
SZEBHD,NEW YORK,,,,
WIATDT,BIRMINGHAM (ANN AND TUSC),CBS,WIAT,BIRMINGHAM (ANN TUSC),
KNVADT,AUSTIN,CW,KNVA,AUSTIN,
WCWGDT,GREENSBORO-H.POINT-W.SALEM,CW,WCWG,GREENSBORO-H.POINT-W.SALEM,
WEYIDT,FLINT-SAGINAW-BAY CITY,NBC,WEYI-TV,FLINT-SAGINAW-BAY CITY,
KMVUDT,MEDFORD-KLAMATH FALLS,FOX,KMVU-DT,MEDFORD-KLAMATH FALLS,
BETHD,NEW YORK,,,,
STZCHD,NEW YORK,,,,
KOINDT,PORTLAND OR,CBS,KOIN,PORTLAND OR,
WKRCDT2,CINCINNATI,CBS,WKRC-TV,CINCINNATI,
WNLODT,BUFFALO,CW,WNLO,BUFFALO,
WNUVDT,BALTIMORE,CW,WNUV,BALTIMORE,
WOLFDT,WILKES BARRE-SCRANTON-HZTN,FOX,WOLF-TV,WILKES BARRE-SCRANTON,
WTVXDT,WEST PALM BEACH-FT. PIERCE,CW,WTVX,WEST PALM BEACH-FT. PIERCE,
KVIADT,EL PASO (LAS CRUCES),ABC,KVIA-TV,EL PASO (LAS CRUCES),
OUTHD,MINNEAPOLIS-ST. PAUL,,,,
WSMHDT,FLINT-SAGINAW-BAY CITY,FOX,WSMH,FLINT-SAGINAW-BAY CITY,
WBFFDT,BALTIMORE,FOX,WBFF,BALTIMORE,
WKTCDT,COLUMBIA SC,MYTV,WKTC,COLUMBIA SC,
WRAZDT,RALEIGH-DURHAM (FAYETVLLE),FOX,WRAZ,RALEIGH-DURHAM (FAYETVLLE),
WCWWLD,SOUTH BEND-ELKHART,-,WCWW-LD,-,
DESTHD,LOS ANGELES,,,,
WKBWDT,BUFFALO,ABC,WKBW-TV,BUFFALO,
WFTSDT,TAMPA-ST. PETE (SARASOTA),ABC,WFTS-TV,TAMPA-ST. PETE (SARASOTA),
KUNWCD,YAKIMA-PASCO-RCHLND-KNNWCK,-,KUNW-CD,-,
WCPODT,CINCINNATI,ABC,WCPO-TV,CINCINNATI,
SZEAHD,LOS ANGELES,,,,
WBNDLD,SOUTH BEND-ELKHART,-,WBND-LD,-,
WTVDDT,RALEIGH-DURHAM (FAYETVLLE),ABC,WTVD,RALEIGH-DURHAM (FAYETVLLE),
WSLSDT,ROANOKE-LYNCHBURG,NBC,WSLS-TV,ROANOKE-LYNCHBURG,
WNCNDT,RALEIGH-DURHAM (FAYETVLLE),CBS,WNCN,RALEIGH-DURHAM (FAYETVLLE),
CINHD,NEW YORK,,,,
WLNEDT,PROVIDENCE-NEW BEDFORD,ABC,WLNE-TV,PROVIDENCE-NEW BEDFORD,
WBALDT,BALTIMORE,NBC,WBAL-TV,BALTIMORE,
KOKHDT,OKLAHOMA CITY,FOX,KOKH-TV,OKLAHOMA CITY,
WHPDT,HARRISBURG-LNCSTR-LEB-YORK,CBS,WHP-TV,HARRISBURG-LNCSTR-LEB-YORK,
WVBTDT,NORFOLK-PORTSMTH-NEWPT NWS,FOX,WVBT,NORFOLK-PORTSMTH-NEWPT NWS,
WTOVDT,WHEELING-STEUBENVILLE,NBC,WTOV-TV,WHEELING-STEUBENVILLE,
SNYHD,NEW YORK,,,,
WCJBDT2,GAINESVILLE,ABC,WCJB-TV,GAINESVILLE,
KJZZDT,SALT LAKE CITY,MYTV,KJZZ-TV,SALT LAKE CITY,
